Workbook

Sheet READ ME
B2: Finding Similar VECTORS with SimHash + LSH
B3: The vector twin of the text workbook: same pipeline, cosine similarity instead of Jaccard
B5: The one idea that changes
B6: In the text workbook each document was a SET of pieces, and we asked 'which piece comes first in a random shuffle?'. Here each document is a VECTOR of numbers, and we ask a different one-question game: 'which side of a random line does my vector fall on?'. That yes/no (a single bit) is the whole move. Similar vectors point in similar directions, so a random line usually leaves them on the same side.
B11: The text workbook vs this one
B12: Stage | C12: Text (MinHash) | D12: Vectors (SimHash)
B13: A document is... | C13: a set of shingles | D13: a vector of numbers
B14: True similarity | C14: Jaccard = shared/total | D14: Cosine = alignment of directions
B15: The random move | C15: shuffle; take first piece | D15: random line; take which side
B16: One trial records | C16: an ID (the first piece) | D16: a bit (0 or 1: the side)
B17: Match probability | C17: equals Jaccard exactly | D17: equals 1 - angle/180 exactly
B18: Fingerprint | C18: list of min-pieces | D18: string of side-bits
B19: Then... | C19: band -> bucket -> compare | D19: band -> bucket -> compare (identical)
B21: One surprise worth watching (it differs from MinHash)
B22: With sets, two documents that share NOTHING never matched. With vectors it is different: two vectors at 90 degrees (completely unrelated) still land on the same side of a random line HALF the time. So a single bit is a noisier signal here - orthogonal means 50% match, not 0%. That is exactly why the vector fingerprints need a good number of bits, and why the buckets need several bits per band.
B27: Colour key
B28: Blue | C28: raw data you may edit (the vectors, the random lines)
B29: Black | C29: a live formula - click it to see the actual math
B30: Green | C30: a match / same-side / same-bucket moment

Sheet 1 The Vectors
B2: Step 1 - Documents as vectors
B3: Each document is turned into a list of numbers - here, how often each of five words appears. The direction a vector points captures what the document is 'about'. DocA and DocB are both about sport (their numbers sit in the same three slots); DocC is about plants (its numbers sit in different slots). Real systems use hundreds of numbers from a neural network, but the idea is identical.
B8: Feature (word) | C8: DocA (basketball-like) | D8: DocB (volleyball-like) | E8: DocC (photosynthesis-like)
B9: ball | C9: 5 | D9: 2 | E9: 0
B10: court | C10: 3 | D10: 4 | E10: 0
B11: team | C11: 2 | D11: 3 | E11: 0
B12: plant | C12: 0 | D12: 0 | E12: 5
B13: energy | C13: 0 | D13: 0 | E13: 4
B14: length (magnitude) | C14: =SQRT(SUMPRODUCT(C9:C13,C9:C13)) -> 6.164414 | D14: =SQRT(SUMPRODUCT(D9:D13,D9:D13)) -> 5.3851648 | E14: =SQRT(SUMPRODUCT(E9:E13,E9:E13)) -> 6.4031242
B16: DocA and DocB put their weight in the first three words (ball/court/team); DocC puts its weight in the last two (plant/energy). That is why, in the next sheet, A and B will look aligned and C will look unrelated.

Sheet 2 Cosine Similarity
B2: Step 2 - True similarity = cosine (the ground truth)
B3: Cosine similarity measures how ALIGNED two vectors are, ignoring their length. It is the dot product divided by the two lengths: 1.0 means same direction, 0 means at right angles (unrelated), -1 means opposite. Every number below is a live formula reading Sheet 1.
B7: Pair | C7: Dot product | D7: length 1 | E7: length 2 | F7: Cosine = dot/(L1*L2) | G7: Angle (deg)
B8: DocA vs DocB | C8: =SUMPRODUCT('1 The Vectors'!$C$9:$C$13,'1 The Vectors'!$D$9:$D$13) -> 28 | D8: =SQRT(SUMPRODUCT('1 The Vectors'!$C$9:$C$13,'1 The Vectors'!$C$9:$C$13)) -> 6.164414 | E8: =SQRT(SUMPRODUCT('1 The Vectors'!$D$9:$D$13,'1 The Vectors'!$D$9:$D$13)) -> 5.3851648 | F8: =C8/(D8*E8) -> 0.84346533 | G8: =DEGREES(ACOS(MAX(-1,MIN(1,F8)))) -> 32.492121
B9: DocA vs DocC | C9: =SUMPRODUCT('1 The Vectors'!$C$9:$C$13,'1 The Vectors'!$E$9:$E$13) -> 0 | D9: =SQRT(SUMPRODUCT('1 The Vectors'!$C$9:$C$13,'1 The Vectors'!$C$9:$C$13)) -> 6.164414 | E9: =SQRT(SUMPRODUCT('1 The Vectors'!$E$9:$E$13,'1 The Vectors'!$E$9:$E$13)) -> 6.4031242 | F9: =C9/(D9*E9) -> 0 | G9: =DEGREES(ACOS(MAX(-1,MIN(1,F9)))) -> 90
B10: DocB vs DocC | C10: =SUMPRODUCT('1 The Vectors'!$D$9:$D$13,'1 The Vectors'!$E$9:$E$13) -> 0 | D10: =SQRT(SUMPRODUCT('1 The Vectors'!$D$9:$D$13,'1 The Vectors'!$D$9:$D$13)) -> 5.3851648 | E10: =SQRT(SUMPRODUCT('1 The Vectors'!$E$9:$E$13,'1 The Vectors'!$E$9:$E$13)) -> 6.4031242 | F10: =C10/(D10*E10) -> 0 | G10: =DEGREES(ACOS(MAX(-1,MIN(1,F10)))) -> 90
B12: DocA vs DocB is about 0.84 (well aligned, ~32 degrees apart). Both sports vs DocC are 0 (exactly at right angles). Hold these - SimHash will estimate them from coin-flip bits.

Sheet 3a One Hyperplane
B2: Step 3a - One random line, seen up close (read before the big table)
B3: A 'random line' is just a random vector (its normal). To ask which side a document is on, take the dot product of the document with this random vector: positive = one side (bit 1), negative = the other side (bit 0). Nothing else is happening. Below is ONE random line and the dot product worked out term by term, so you can follow the arithmetic.
B8: The random line (its 5 numbers):
B9: Feature | C9: Line value | D9: DocA * line | E9: DocB * line | F9: DocC * line
B10: ball | C10: 0.09 | D10: ='1 The Vectors'!$C$9*C10 -> 0.45 | E10: ='1 The Vectors'!$D$9*C10 -> 0.18 | F10: ='1 The Vectors'!$E$9*C10 -> 0
B11: court | C11: 1.25 | D11: ='1 The Vectors'!$C$10*C11 -> 3.75 | E11: ='1 The Vectors'!$D$10*C11 -> 5 | F11: ='1 The Vectors'!$E$10*C11 -> 0
B12: team | C12: -0.93 | D12: ='1 The Vectors'!$C$11*C12 -> -1.86 | E12: ='1 The Vectors'!$D$11*C12 -> -2.79 | F12: ='1 The Vectors'!$E$11*C12 -> 0
B13: plant | C13: 0.99 | D13: ='1 The Vectors'!$C$12*C13 -> 0 | E13: ='1 The Vectors'!$D$12*C13 -> 0 | F13: ='1 The Vectors'!$E$12*C13 -> 4.95
B14: energy | C14: -0.26 | D14: ='1 The Vectors'!$C$13*C14 -> 0 | E14: ='1 The Vectors'!$D$13*C14 -> 0 | F14: ='1 The Vectors'!$E$13*C14 -> -1.04
B15: dot product (sum): | D15: =SUM(D10:D14) -> 2.34 | E15: =SUM(E10:E14) -> 2.39 | F15: =SUM(F10:F14) -> 3.91
B16: which side? (bit) | D16: =IF(D15>=0,1,0) -> 1 | E16: =IF(E15>=0,1,0) -> 1 | F16: =IF(F15>=0,1,0) -> 1
B17: side label | D17: =IF(D15>=0,"+ side","- side") -> + side | E17: =IF(E15>=0,"+ side","- side") -> + side | F17: =IF(F15>=0,"+ side","- side") -> + side
B19: Do the two sports vectors land on the same side here?
B20: DocA vs DocB | C20: =IF(D16=E16,"SAME SIDE (match)","different side") -> SAME SIDE (match)
B21: DocA vs DocC | C21: =IF(D16=F16,"same side","different side") -> same side
B23: One line = one bit = one noisy vote. On this particular line the two sports agree. But remember: even unrelated vectors agree half the time on a single line, so one bit proves little. The fix, on the next sheet, is to draw many lines and count how often each pair agrees.

Sheet 3 SimHash
B2: Step 3 - SimHash: turn each vector into a string of side-bits
B3: Draw many random lines. For each line, record which side each document is on (1 or 0). That string of bits is the document's fingerprint. Two documents that point the same way agree on most lines; unrelated ones agree about half the time. The blue block is the random lines (5 numbers each); every black column is a live formula.
B7: The random lines, the dot products, the bits, and the agreements:
B8: line | C8: n1 | D8: n2 | E8: n3 | F8: n4 | G8: n5 | H8: dotA | I8: dotB | J8: dotC | K8: bitA | L8: bitB | M8: bitC | N8: A=B | O8: A=C | P8: B=C
B9: 1 | C9: 0.09 | D9: 1.25 | E9: -0.93 | F9: 0.99 | G9: -0.26 | H9: ='1 The Vectors'!$C$9*C9+'1 The Vectors'!$C$10*D9+'1 The Vectors'!$C$11*E9+'1 The Vectors'!$C$12*F9+'1 The Vectors'!$C$13*G9 -> 2.34 | I9: ='1 The Vectors'!$D$9*C9+'1 The Vectors'!$D$10*D9+'1 The Vectors'!$D$11*E9+'1 The Vectors'!$D$12*F9+'1 The Vectors'!$D$13*G9 -> 2.39 | J9: ='1 The Vectors'!$E$9*C9+'1 The Vectors'!$E$10*D9+'1 The Vectors'!$E$11*E9+'1 The Vectors'!$E$12*F9+'1 The Vectors'!$E$13*G9 -> 3.91 | K9: =IF(H9>=0,1,0) -> 1 | L9: =IF(I9>=0,1,0) -> 1 | M9: =IF(J9>=0,1,0) -> 1 | N9: =IF(K9=L9,1,0) -> 1 | O9: =IF(K9=M9,1,0) -> 1 | P9: =IF(L9=M9,1,0) -> 1
B10: 2 | C10: -0.26 | D10: 1.9 | E10: 0.16 | F10: -0.04 | G10: 0.73 | H10: ='1 The Vectors'!$C$9*C10+'1 The Vectors'!$C$10*D10+'1 The Vectors'!$C$11*E10+'1 The Vectors'!$C$12*F10+'1 The Vectors'!$C$13*G10 -> 4.72 | I10: ='1 The Vectors'!$D$9*C10+'1 The Vectors'!$D$10*D10+'1 The Vectors'!$D$11*E10+'1 The Vectors'!$D$12*F10+'1 The Vectors'!$D$13*G10 -> 7.56 | J10: ='1 The Vectors'!$E$9*C10+'1 The Vectors'!$E$10*D10+'1 The Vectors'!$E$11*E10+'1 The Vectors'!$E$12*F10+'1 The Vectors'!$E$13*G10 -> 2.72 | K10: =IF(H10>=0,1,0) -> 1 | L10: =IF(I10>=0,1,0) -> 1 | M10: =IF(J10>=0,1,0) -> 1 | N10: =IF(K10=L10,1,0) -> 1 | O10: =IF(K10=M10,1,0) -> 1 | P10: =IF(L10=M10,1,0) -> 1
B11: 3 | C11: 1.13 | D11: -0.03 | E11: 0.59 | F11: -0.97 | G11: -0.37 | H11: ='1 The Vectors'!$C$9*C11+'1 The Vectors'!$C$10*D11+'1 The Vectors'!$C$11*E11+'1 The Vectors'!$C$12*F11+'1 The Vectors'!$C$13*G11 -> 6.74 | I11: ='1 The Vectors'!$D$9*C11+'1 The Vectors'!$D$10*D11+'1 The Vectors'!$D$11*E11+'1 The Vectors'!$D$12*F11+'1 The Vectors'!$D$13*G11 -> 3.91 | J11: ='1 The Vectors'!$E$9*C11+'1 The Vectors'!$E$10*D11+'1 The Vectors'!$E$11*E11+'1 The Vectors'!$E$12*F11+'1 The Vectors'!$E$13*G11 -> -6.33 | K11: =IF(H11>=0,1,0) -> 1 | L11: =IF(I11>=0,1,0) -> 1 | M11: =IF(J11>=0,1,0) -> 0 | N11: =IF(K11=L11,1,0) -> 1 | O11: =IF(K11=M11,1,0) -> 0 | P11: =IF(L11=M11,1,0) -> 0
B12: 4 | C12: -0.44 | D12: -1.33 | E12: -1.51 | F12: -1.63 | G12: -0.24 | H12: ='1 The Vectors'!$C$9*C12+'1 The Vectors'!$C$10*D12+'1 The Vectors'!$C$11*E12+'1 The Vectors'!$C$12*F12+'1 The Vectors'!$C$13*G12 -> -9.21 | I12: ='1 The Vectors'!$D$9*C12+'1 The Vectors'!$D$10*D12+'1 The Vectors'!$D$11*E12+'1 The Vectors'!$D$12*F12+'1 The Vectors'!$D$13*G12 -> -10.73 | J12: ='1 The Vectors'!$E$9*C12+'1 The Vectors'!$E$10*D12+'1 The Vectors'!$E$11*E12+'1 The Vectors'!$E$12*F12+'1 The Vectors'!$E$13*G12 -> -9.11 | K12: =IF(H12>=0,1,0) -> 0 | L12: =IF(I12>=0,1,0) -> 0 | M12: =IF(J12>=0,1,0) -> 0 | N12: =IF(K12=L12,1,0) -> 1 | O12: =IF(K12=M12,1,0) -> 1 | P12: =IF(L12=M12,1,0) -> 1
B13: 5 | C13: -0.17 | D13: -0.32 | E13: 0.07 | F13: -1.34 | G13: -0.08 | H13: ='1 The Vectors'!$C$9*C13+'1 The Vectors'!$C$10*D13+'1 The Vectors'!$C$11*E13+'1 The Vectors'!$C$12*F13+'1 The Vectors'!$C$13*G13 -> -1.67 | I13: ='1 The Vectors'!$D$9*C13+'1 The Vectors'!$D$10*D13+'1 The Vectors'!$D$11*E13+'1 The Vectors'!$D$12*F13+'1 The Vectors'!$D$13*G13 -> -1.41 | J13: ='1 The Vectors'!$E$9*C13+'1 The Vectors'!$E$10*D13+'1 The Vectors'!$E$11*E13+'1 The Vectors'!$E$12*F13+'1 The Vectors'!$E$13*G13 -> -7.02 | K13: =IF(H13>=0,1,0) -> 0 | L13: =IF(I13>=0,1,0) -> 0 | M13: =IF(J13>=0,1,0) -> 0 | N13: =IF(K13=L13,1,0) -> 1 | O13: =IF(K13=M13,1,0) -> 1 | P13: =IF(L13=M13,1,0) -> 1
B14: 6 | C14: 0.24 | D14: 0.75 | E14: -0.85 | F14: -0.4 | G14: -2.02 | H14: ='1 The Vectors'!$C$9*C14+'1 The Vectors'!$C$10*D14+'1 The Vectors'!$C$11*E14+'1 The Vectors'!$C$12*F14+'1 The Vectors'!$C$13*G14 -> 1.75 | I14: ='1 The Vectors'!$D$9*C14+'1 The Vectors'!$D$10*D14+'1 The Vectors'!$D$11*E14+'1 The Vectors'!$D$12*F14+'1 The Vectors'!$D$13*G14 -> 0.93 | J14: ='1 The Vectors'!$E$9*C14+'1 The Vectors'!$E$10*D14+'1 The Vectors'!$E$11*E14+'1 The Vectors'!$E$12*F14+'1 The Vectors'!$E$13*G14 -> -10.08 | K14: =IF(H14>=0,1,0) -> 1 | L14: =IF(I14>=0,1,0) -> 1 | M14: =IF(J14>=0,1,0) -> 0 | N14: =IF(K14=L14,1,0) -> 1 | O14: =IF(K14=M14,1,0) -> 0 | P14: =IF(L14=M14,1,0) -> 0
B15: 7 | C15: -0.5 | D15: -2.2 | E15: -1.42 | F15: 1.1 | G15: -2.2 | H15: ='1 The Vectors'!$C$9*C15+'1 The Vectors'!$C$10*D15+'1 The Vectors'!$C$11*E15+'1 The Vectors'!$C$12*F15+'1 The Vectors'!$C$13*G15 -> -11.94 | I15: ='1 The Vectors'!$D$9*C15+'1 The Vectors'!$D$10*D15+'1 The Vectors'!$D$11*E15+'1 The Vectors'!$D$12*F15+'1 The Vectors'!$D$13*G15 -> -14.06 | J15: ='1 The Vectors'!$E$9*C15+'1 The Vectors'!$E$10*D15+'1 The Vectors'!$E$11*E15+'1 The Vectors'!$E$12*F15+'1 The Vectors'!$E$13*G15 -> -3.3 | K15: =IF(H15>=0,1,0) -> 0 | L15: =IF(I15>=0,1,0) -> 0 | M15: =IF(J15>=0,1,0) -> 0 | N15: =IF(K15=L15,1,0) -> 1 | O15: =IF(K15=M15,1,0) -> 1 | P15: =IF(L15=M15,1,0) -> 1
B16: 8 | C16: 0.8 | D16: 0.33 | E16: -0.31 | F16: 0.46 | G16: 0.53 | H16: ='1 The Vectors'!$C$9*C16+'1 The Vectors'!$C$10*D16+'1 The Vectors'!$C$11*E16+'1 The Vectors'!$C$12*F16+'1 The Vectors'!$C$13*G16 -> 4.37 | I16: ='1 The Vectors'!$D$9*C16+'1 The Vectors'!$D$10*D16+'1 The Vectors'!$D$11*E16+'1 The Vectors'!$D$12*F16+'1 The Vectors'!$D$13*G16 -> 1.99 | J16: ='1 The Vectors'!$E$9*C16+'1 The Vectors'!$E$10*D16+'1 The Vectors'!$E$11*E16+'1 The Vectors'!$E$12*F16+'1 The Vectors'!$E$13*G16 -> 4.42 | K16: =IF(H16>=0,1,0) -> 1 | L16: =IF(I16>=0,1,0) -> 1 | M16: =IF(J16>=0,1,0) -> 1 | N16: =IF(K16=L16,1,0) -> 1 | O16: =IF(K16=M16,1,0) -> 1 | P16: =IF(L16=M16,1,0) -> 1
B17: 9 | C17: 1.05 | D17: -0.23 | E17: -0.59 | F17: -0.6 | G17: -0.99 | H17: ='1 The Vectors'!$C$9*C17+'1 The Vectors'!$C$10*D17+'1 The Vectors'!$C$11*E17+'1 The Vectors'!$C$12*F17+'1 The Vectors'!$C$13*G17 -> 3.38 | I17: ='1 The Vectors'!$D$9*C17+'1 The Vectors'!$D$10*D17+'1 The Vectors'!$D$11*E17+'1 The Vectors'!$D$12*F17+'1 The Vectors'!$D$13*G17 -> -0.59 | J17: ='1 The Vectors'!$E$9*C17+'1 The Vectors'!$E$10*D17+'1 The Vectors'!$E$11*E17+'1 The Vectors'!$E$12*F17+'1 The Vectors'!$E$13*G17 -> -6.96 | K17: =IF(H17>=0,1,0) -> 1 | L17: =IF(I17>=0,1,0) -> 0 | M17: =IF(J17>=0,1,0) -> 0 | N17: =IF(K17=L17,1,0) -> 0 | O17: =IF(K17=M17,1,0) -> 0 | P17: =IF(L17=M17,1,0) -> 1
B18: 10 | C18: -0.04 | D18: -0.79 | E18: 1.07 | F18: -1.87 | G18: -1.09 | H18: ='1 The Vectors'!$C$9*C18+'1 The Vectors'!$C$10*D18+'1 The Vectors'!$C$11*E18+'1 The Vectors'!$C$12*F18+'1 The Vectors'!$C$13*G18 -> -0.43 | I18: ='1 The Vectors'!$D$9*C18+'1 The Vectors'!$D$10*D18+'1 The Vectors'!$D$11*E18+'1 The Vectors'!$D$12*F18+'1 The Vectors'!$D$13*G18 -> -0.03 | J18: ='1 The Vectors'!$E$9*C18+'1 The Vectors'!$E$10*D18+'1 The Vectors'!$E$11*E18+'1 The Vectors'!$E$12*F18+'1 The Vectors'!$E$13*G18 -> -13.71 | K18: =IF(H18>=0,1,0) -> 0 | L18: =IF(I18>=0,1,0) -> 0 | M18: =IF(J18>=0,1,0) -> 0 | N18: =IF(K18=L18,1,0) -> 1 | O18: =IF(K18=M18,1,0) -> 1 | P18: =IF(L18=M18,1,0) -> 1
B19: 11 | C19: -0.95 | D19: -2.09 | E19: 1.9 | F19: -2.41 | G19: -0.28 | H19: ='1 The Vectors'!$C$9*C19+'1 The Vectors'!$C$10*D19+'1 The Vectors'!$C$11*E19+'1 The Vectors'!$C$12*F19+'1 The Vectors'!$C$13*G19 -> -7.22 | I19: ='1 The Vectors'!$D$9*C19+'1 The Vectors'!$D$10*D19+'1 The Vectors'!$D$11*E19+'1 The Vectors'!$D$12*F19+'1 The Vectors'!$D$13*G19 -> -4.56 | J19: ='1 The Vectors'!$E$9*C19+'1 The Vectors'!$E$10*D19+'1 The Vectors'!$E$11*E19+'1 The Vectors'!$E$12*F19+'1 The Vectors'!$E$13*G19 -> -13.17 | K19: =IF(H19>=0,1,0) -> 0 | L19: =IF(I19>=0,1,0) -> 0 | M19: =IF(J19>=0,1,0) -> 0 | N19: =IF(K19=L19,1,0) -> 1 | O19: =IF(K19=M19,1,0) -> 1 | P19: =IF(L19=M19,1,0) -> 1
B20: 12 | C20: -0.53 | D20: 1.66 | E20: -1.99 | F20: 1.07 | G20: -0.73 | H20: ='1 The Vectors'!$C$9*C20+'1 The Vectors'!$C$10*D20+'1 The Vectors'!$C$11*E20+'1 The Vectors'!$C$12*F20+'1 The Vectors'!$C$13*G20 -> -1.65 | I20: ='1 The Vectors'!$D$9*C20+'1 The Vectors'!$D$10*D20+'1 The Vectors'!$D$11*E20+'1 The Vectors'!$D$12*F20+'1 The Vectors'!$D$13*G20 -> -0.39 | J20: ='1 The Vectors'!$E$9*C20+'1 The Vectors'!$E$10*D20+'1 The Vectors'!$E$11*E20+'1 The Vectors'!$E$12*F20+'1 The Vectors'!$E$13*G20 -> 2.43 | K20: =IF(H20>=0,1,0) -> 0 | L20: =IF(I20>=0,1,0) -> 0 | M20: =IF(J20>=0,1,0) -> 1 | N20: =IF(K20=L20,1,0) -> 1 | O20: =IF(K20=M20,1,0) -> 0 | P20: =IF(L20=M20,1,0) -> 0
... B56: 48 | C56: -1.44 | D56: 0.76 | E56: 0.25 | F56: -0.14 | G56: 1.22 | H56: ='1 The Vectors'!$C$9*C56+'1 The Vectors'!$C$10*D56+'1 The Vectors'!$C$11*E56+'1 The Vectors'!$C$12*F56+'1 The Vectors'!$C$13*G56 -> -4.42 | I56: ='1 The Vectors'!$D$9*C56+'1 The Vectors'!$D$10*D56+'1 The Vectors'!$D$11*E56+'1 The Vectors'!$D$12*F56+'1 The Vectors'!$D$13*G56 -> 0.91 | J56: ='1 The Vectors'!$E$9*C56+'1 The Vectors'!$E$10*D56+'1 The Vectors'!$E$11*E56+'1 The Vectors'!$E$12*F56+'1 The Vectors'!$E$13*G56 -> 4.18 | K56: =IF(H56>=0,1,0) -> 0 | L56: =IF(I56>=0,1,0) -> 1 | M56: =IF(J56>=0,1,0) -> 1 | N56: =IF(K56=L56,1,0) -> 0 | O56: =IF(K56=M56,1,0) -> 0 | P56: =IF(L56=M56,1,0) -> 1
B58: From bits back to cosine:
B59: Pair | C59: Bits agree / 48 | D59: Match fraction p | E59: Est. angle =180*(1-p) | F59: Est. cosine =COS | G59: TRUE cosine
B60: DocA vs DocB | C60: =SUM(N9:N56) -> 39 | D60: =C60/48 -> 0.8125 | E60: =180*(1-D60) -> 33.75 | F60: =COS(PI()*(1-D60)) -> 0.83146961 | G60: ='2 Cosine Similarity'!$F$8 -> 0.84346533
B61: DocA vs DocC | C61: =SUM(O9:O56) -> 22 | D61: =C61/48 -> 0.45833333 | E61: =180*(1-D61) -> 97.5 | F61: =COS(PI()*(1-D61)) -> -0.13052619 | G61: ='2 Cosine Similarity'!$F$9 -> 0
B62: DocB vs DocC | C62: =SUM(P9:P56) -> 27 | D62: =C62/48 -> 0.5625 | E62: =180*(1-D62) -> 78.75 | F62: =COS(PI()*(1-D62)) -> 0.19509032 | G62: ='2 Cosine Similarity'!$F$10 -> 0
B64: The estimate (from bits alone) lands near the true cosine. Look at DocA vs DocC: its match fraction sits near 0.5, which the formula turns into ~90 degrees and cosine ~0 - it correctly recovers 'unrelated'. That 50% floor is the vector world's version of noise.

Sheet 4 LSH Buckets
B2: Step 4 - LSH: cut the bit-strings into bands, bands become buckets
B3: Same trick as the text workbook. Chop each {K}-bit fingerprint into {B} bands of {R} bits. Glue each band's bits into a label. If two documents produce the SAME label in ANY band, they share a bucket and become a candidate pair worth a full cosine check. Everything else is never compared. (We use 6 bits per band because unrelated vectors agree ~50% of the time, so short bands would collide too often.)
B8: Band | C8: Bits (rows) | E8: DocA label | F8: DocB label | G8: DocC label | H8: A=B? | I8: A=C? | J8: B=C?
B9: Band 1 | C9: 1-6 | E9: ='3 SimHash'!K9&'3 SimHash'!K10&'3 SimHash'!K11&'3 SimHash'!K12&'3 SimHash'!K13&'3 SimHash'!K14 -> 111001 | F9: ='3 SimHash'!L9&'3 SimHash'!L10&'3 SimHash'!L11&'3 SimHash'!L12&'3 SimHash'!L13&'3 SimHash'!L14 -> 111001 | G9: ='3 SimHash'!M9&'3 SimHash'!M10&'3 SimHash'!M11&'3 SimHash'!M12&'3 SimHash'!M13&'3 SimHash'!M14 -> 110000 | H9: =IF(E9=F9,"SAME","-") -> SAME | I9: =IF(E9=G9,"SAME","-") -> - | J9: =IF(F9=G9,"SAME","-") -> -
B10: Band 2 | C10: 7-12 | E10: ='3 SimHash'!K15&'3 SimHash'!K16&'3 SimHash'!K17&'3 SimHash'!K18&'3 SimHash'!K19&'3 SimHash'!K20 -> 011000 | F10: ='3 SimHash'!L15&'3 SimHash'!L16&'3 SimHash'!L17&'3 SimHash'!L18&'3 SimHash'!L19&'3 SimHash'!L20 -> 010000 | G10: ='3 SimHash'!M15&'3 SimHash'!M16&'3 SimHash'!M17&'3 SimHash'!M18&'3 SimHash'!M19&'3 SimHash'!M20 -> 010001 | H10: =IF(E10=F10,"SAME","-") -> - | I10: =IF(E10=G10,"SAME","-") -> - | J10: =IF(F10=G10,"SAME","-") -> -
B11: Band 3 | C11: 13-18 | E11: ='3 SimHash'!K21&'3 SimHash'!K22&'3 SimHash'!K23&'3 SimHash'!K24&'3 SimHash'!K25&'3 SimHash'!K26 -> 010001 | F11: ='3 SimHash'!L21&'3 SimHash'!L22&'3 SimHash'!L23&'3 SimHash'!L24&'3 SimHash'!L25&'3 SimHash'!L26 -> 010000 | G11: ='3 SimHash'!M21&'3 SimHash'!M22&'3 SimHash'!M23&'3 SimHash'!M24&'3 SimHash'!M25&'3 SimHash'!M26 -> 011001 | H11: =IF(E11=F11,"SAME","-") -> - | I11: =IF(E11=G11,"SAME","-") -> - | J11: =IF(F11=G11,"SAME","-") -> -
B12: Band 4 | C12: 19-24 | E12: ='3 SimHash'!K27&'3 SimHash'!K28&'3 SimHash'!K29&'3 SimHash'!K30&'3 SimHash'!K31&'3 SimHash'!K32 -> 110011 | F12: ='3 SimHash'!L27&'3 SimHash'!L28&'3 SimHash'!L29&'3 SimHash'!L30&'3 SimHash'!L31&'3 SimHash'!L32 -> 110011 | G12: ='3 SimHash'!M27&'3 SimHash'!M28&'3 SimHash'!M29&'3 SimHash'!M30&'3 SimHash'!M31&'3 SimHash'!M32 -> 001100 | H12: =IF(E12=F12,"SAME","-") -> SAME | I12: =IF(E12=G12,"SAME","-") -> - | J12: =IF(F12=G12,"SAME","-") -> -
B13: Band 5 | C13: 25-30 | E13: ='3 SimHash'!K33&'3 SimHash'!K34&'3 SimHash'!K35&'3 SimHash'!K36&'3 SimHash'!K37&'3 SimHash'!K38 -> 001101 | F13: ='3 SimHash'!L33&'3 SimHash'!L34&'3 SimHash'!L35&'3 SimHash'!L36&'3 SimHash'!L37&'3 SimHash'!L38 -> 001101 | G13: ='3 SimHash'!M33&'3 SimHash'!M34&'3 SimHash'!M35&'3 SimHash'!M36&'3 SimHash'!M37&'3 SimHash'!M38 -> 000101 | H13: =IF(E13=F13,"SAME","-") -> SAME | I13: =IF(E13=G13,"SAME","-") -> - | J13: =IF(F13=G13,"SAME","-") -> -
B14: Band 6 | C14: 31-36 | E14: ='3 SimHash'!K39&'3 SimHash'!K40&'3 SimHash'!K41&'3 SimHash'!K42&'3 SimHash'!K43&'3 SimHash'!K44 -> 001001 | F14: ='3 SimHash'!L39&'3 SimHash'!L40&'3 SimHash'!L41&'3 SimHash'!L42&'3 SimHash'!L43&'3 SimHash'!L44 -> 000000 | G14: ='3 SimHash'!M39&'3 SimHash'!M40&'3 SimHash'!M41&'3 SimHash'!M42&'3 SimHash'!M43&'3 SimHash'!M44 -> 110101 | H14: =IF(E14=F14,"SAME","-") -> - | I14: =IF(E14=G14,"SAME","-") -> - | J14: =IF(F14=G14,"SAME","-") -> -
B15: Band 7 | C15: 37-42 | E15: ='3 SimHash'!K45&'3 SimHash'!K46&'3 SimHash'!K47&'3 SimHash'!K48&'3 SimHash'!K49&'3 SimHash'!K50 -> 011000 | F15: ='3 SimHash'!L45&'3 SimHash'!L46&'3 SimHash'!L47&'3 SimHash'!L48&'3 SimHash'!L49&'3 SimHash'!L50 -> 110001 | G15: ='3 SimHash'!M45&'3 SimHash'!M46&'3 SimHash'!M47&'3 SimHash'!M48&'3 SimHash'!M49&'3 SimHash'!M50 -> 100111 | H15: =IF(E15=F15,"SAME","-") -> - | I15: =IF(E15=G15,"SAME","-") -> - | J15: =IF(F15=G15,"SAME","-") -> -
B16: Band 8 | C16: 43-48 | E16: ='3 SimHash'!K51&'3 SimHash'!K52&'3 SimHash'!K53&'3 SimHash'!K54&'3 SimHash'!K55&'3 SimHash'!K56 -> 101010 | F16: ='3 SimHash'!L51&'3 SimHash'!L52&'3 SimHash'!L53&'3 SimHash'!L54&'3 SimHash'!L55&'3 SimHash'!L56 -> 101001 | G16: ='3 SimHash'!M51&'3 SimHash'!M52&'3 SimHash'!M53&'3 SimHash'!M54&'3 SimHash'!M55&'3 SimHash'!M56 -> 100101 | H16: =IF(E16=F16,"SAME","-") -> - | I16: =IF(E16=G16,"SAME","-") -> - | J16: =IF(F16=G16,"SAME","-") -> -
B18: Verdict
B19: Pair | C19: Shared bands | D19: Candidate? | F19: Meaning
B20: DocA vs DocB | C20: =COUNTIF(H9:H16,"SAME") -> 3 | D20: =IF(C20>0,"YES - compare","no") -> YES - compare | F20: Aligned vectors -> collide -> get compared.
B21: DocA vs DocC | C21: =COUNTIF(I9:I16,"SAME") -> 0 | D21: =IF(C21>0,"YES - compare","no") -> no | F21: At right angles -> never share a bucket -> skipped.
B22: DocB vs DocC | C22: =COUNTIF(J9:J16,"SAME") -> 0 | D22: =IF(C22>0,"YES - compare","no") -> no | F22: At right angles -> never share a bucket -> skipped.
B24: Why several bits per band? The S-curve
B25: P(candidate) = 1-(1-p^6)^8, where p = chance two vectors agree on one line = 1 - angle/180. Plotted against cosine similarity, unrelated pairs (cosine 0, p 0.5) almost never collide while aligned pairs (cosine near 1) almost always do.
B27: Cosine | C27: p = 1-angle/180 | D27: P(candidate)
B28: -1 | C28: =1-DEGREES(ACOS(MAX(-1,MIN(1,B28))))/180 -> 0 | D28: =1-(1-C28^6)^8 -> 0
B29: -0.92 | C29: =1-DEGREES(ACOS(MAX(-1,MIN(1,B29))))/180 -> 0.12818843 | D29: =1-(1-C29^6)^8 -> 3.5495744e-05
B30: -0.84 | C30: =1-DEGREES(ACOS(MAX(-1,MIN(1,B30))))/180 -> 0.18255489 | D30: =1-(1-C30^6)^8 -> 0.00029607011
B31: -0.76 | C31: =1-DEGREES(ACOS(MAX(-1,MIN(1,B31))))/180 -> 0.2251989 | D31: =1-(1-C31^6)^8 -> 0.001043012
B32: -0.68 | C32: =1-DEGREES(ACOS(MAX(-1,MIN(1,B32))))/180 -> 0.26197976 | D32: =1-(1-C32^6)^8 -> 0.0025834797
B33: -0.6 | C33: =1-DEGREES(ACOS(MAX(-1,MIN(1,B33))))/180 -> 0.29516724 | D33: =1-(1-C33^6)^8 -> 0.0052782969
B34: -0.52 | C34: =1-DEGREES(ACOS(MAX(-1,MIN(1,B34))))/180 -> 0.32593194 | D34: =1-(1-C34^6)^8 -> 0.0095505803
B35: -0.44 | C35: =1-DEGREES(ACOS(MAX(-1,MIN(1,B35))))/180 -> 0.35497844 | D35: =1-(1-C35^6)^8 -> 0.015895055
B36: -0.36 | C36: =1-DEGREES(ACOS(MAX(-1,MIN(1,B36))))/180 -> 0.38277669 | D36: =1-(1-C36^6)^8 -> 0.024887747
B37: -0.28 | C37: =1-DEGREES(ACOS(MAX(-1,MIN(1,B37))))/180 -> 0.40966553 | D37: =1-(1-C37^6)^8 -> 0.037195469
B38: -0.2 | C38: =1-DEGREES(ACOS(MAX(-1,MIN(1,B38))))/180 -> 0.43590578 | D38: =1-(1-C38^6)^8 -> 0.053584069
B39: -0.12 | C39: =1-DEGREES(ACOS(MAX(-1,MIN(1,B39))))/180 -> 0.46171054 | D39: =1-(1-C39^6)^8 -> 0.074923737
... B53: 1 | C53: =1-DEGREES(ACOS(MAX(-1,MIN(1,B53))))/180 -> 1 | D53: =1-(1-C53^6)^8 -> 1
